{"cameraMode":{"drawMode":0,"name":"Shaded","section":"Shading Mode"},"sceneLighting":true,"audioPlay":false,"sceneViewState":{"m_AlwaysRefresh":false,"showFog":true,"showSkybox":true,"showFlares":true,"showImageEffects":true,"showParticleSystems":true,"showVisualEffectGraphs":true,"m_FxEnabled":true},"in2DMode":false,"pivot":{"x":-0.37148720026016238,"y":0.6843223571777344,"z":-1.0587844848632813},"rotation":{"x":0.16926266252994538,"y":0.4429134428501129,"z":-0.08555179834365845,"w":0.8762808442115784},"size":0.8308033347129822,"orthographic":false}